"timestamp","oldPdf","newPdf","oldMarkdown","newMarkdown","status","reason","doi"
"2026-08-13T14:25:57.2679595+01:00","3D optical simulation formalism OPTOS for textured silicon solar cells.pdf","2015_Tucher_Blasi_OPTEXP_3D-optical-simulation.pdf","3D optical simulation formalism OPTOS for textured silicon solar cells.md","2015_Tucher_Blasi_OPTEXP_3D-optical-simulation.md","renamed","","10.1364/OE.23.0A1720"
"2026-08-13T14:25:57.2679595+01:00","A comparison of ray tracing and view factor simulations of locally resolved rear irradiance with the experimental values.pdf","2020_Berrian_Libal_PIP_comparison-ray-tracing.pdf","A comparison of ray tracing and view factor simulations of locally resolved rear irradiance with the experimental values.md","2020_Berrian_Libal_PIP_comparison-ray-tracing.md","renamed","","10.1002/pip.3261"
"2026-08-13T14:25:57.2679595+01:00","A comprehensive MATLAB Simulink PV system simulator with partial shading capability based on two-diode model.pdf","2011_Ishaque_Syafaruddin_SOLENER_comprehensive-MATLAB.pdf","A comprehensive MATLAB Simulink PV system simulator with partial shading capability based on two-diode model.md","2011_Ishaque_Syafaruddin_SOLENER_comprehensive-MATLAB.md","renamed","","10.1016/j.solener.2011.06.008"
"2026-08-13T14:25:57.2679595+01:00","A continuous form of the Perez diffuse sky model for forward and reverse transposition.pdf","2024_Driesse_Perez_SOLENER_continuous-form-Perez.pdf","A continuous form of the Perez diffuse sky model for forward and reverse transposition.md","2024_Driesse_Perez_SOLENER_continuous-form-Perez.md","renamed","","10.1016/j.solener.2023.112093"
"2026-08-13T14:25:57.2679595+01:00","A novel datasheet-based parameter extraction method for a single-diode photovoltaic array model.pdf","2015_Park_Choi_SOLENER_novel-datasheet-based.pdf","A novel datasheet-based parameter extraction method for a single-diode photovoltaic array model.md","2015_Park_Choi_SOLENER_novel-datasheet-based.md","renamed","","10.1016/j.solener.2015.11.001"
"2026-08-13T14:25:57.2679595+01:00","A review of solar energy modeling techniques.pdf","2012_Khatib_Sopian_RSER_review-solar-energy.pdf","A review of solar energy modeling techniques.md","2012_Khatib_Sopian_RSER_review-solar-energy.md","renamed","","10.1016/j.rser.2012.01.064"
"2026-08-13T14:25:57.2679595+01:00","A thermal model for photovoltaic panels under varying atmospheric conditions.pdf","2010_Armstrong_Hurley_APPLTHERM_thermal-model-photovoltaic.pdf","A thermal model for photovoltaic panels under varying atmospheric conditions.md","2010_Armstrong_Hurley_APPLTHERM_thermal-model-photovoltaic.md","renamed","","10.1016/j.applthermaleng.2010.03.012"
"2026-08-13T14:25:57.2679595+01:00","Accounting for Interference, Scattering, and Electrode Absorption to Make Accurate Internal Quantum Effi ciency Measurements in Organic and Other Thin Solar Cells.pdf","2010_Burkhard_McGehee_ADVMAT_Accounting-Interference.pdf","Accounting for Interference, Scattering, and Electrode Absorption to Make Accurate Internal Quantum Effi ciency Measurements in Organic and Other Thin Solar Cells.md","2010_Burkhard_McGehee_ADVMAT_Accounting-Interference.md","renamed","","10.1002/adma.201000883"
"2026-08-13T14:25:57.2679595+01:00","Accurate Optical Modeling of Monolithic Perovskite-Silicon Tandem Solar Cells.pdf","2022_Xu_DeWolf_PRXENERGY_Accurate-Optical.pdf","Accurate Optical Modeling of Monolithic Perovskite-Silicon Tandem Solar Cells.md","2022_Xu_DeWolf_PRXENERGY_Accurate-Optical.md","renamed","","10.1103/PRXEnergy.1.023005"
"2026-08-13T14:25:57.2679595+01:00","All-weather model for sky luminance distribution—Preliminary configuration and validation.pdf","","All-weather model for sky luminance distribution—Preliminary configuration and validation.md","","skipped","No DOI near paper header",""
"2026-08-13T14:25:57.2679595+01:00","Analysis of multicrystalline silicon solar cells by modified 3-diode equivalent circuit model taking leakage current through periphery into consideration.pdf","2007_Nishioka_Fuyuki_SOLMAT_Analysis-multicrystalline.pdf","Analysis of multicrystalline silicon solar cells by modified 3-diode equivalent circuit model taking leakage current through periphery into consideration.md","2007_Nishioka_Fuyuki_SOLMAT_Analysis-multicrystalline.md","renamed","","10.1016/j.solmat.2007.04.009"
"2026-08-13T14:25:57.2679595+01:00","Assessing the outdoor operating temperature of photovoltaic modules.pdf","2008_Faiman_Faiman_PIP_Assessing-outdoor.pdf","Assessing the outdoor operating temperature of photovoltaic modules.md","2008_Faiman_Faiman_PIP_Assessing-outdoor.md","renamed","","10.1002/pip.813"
"2026-08-13T14:25:57.2679595+01:00","Automated Defect Detection and Localization in Photovoltaic Cells Using Semantic Segmentation of Electroluminescence Images.pdf","2022_Fioresi_Davis_JPV_Automated-Defect.pdf","Automated Defect Detection and Localization in Photovoltaic Cells Using Semantic Segmentation of Electroluminescence Images.md","2022_Fioresi_Davis_JPV_Automated-Defect.md","renamed","","10.1109/JPHOTOV.2021.3131059"
"2026-08-13T14:25:57.2679595+01:00","A_Detailed_Full-Cell_Model_of_a_2018_Commercial_PERC_Solar_Cell_in_Quokka3.pdf","2018_Fell_Altermatt_JPV_Detailed-Full-Cell.pdf","A_Detailed_Full-Cell_Model_of_a_2018_Commercial_PERC_Solar_Cell_in_Quokka3.md","2018_Fell_Altermatt_JPV_Detailed-Full-Cell.md","renamed","","10.1109/JPHOTOV.2018.2863548"
"2026-08-13T14:25:57.2679595+01:00","a_general_approach_to_model_high_performance_pv_modules_for_accurate_energy_yield_simulations.pdf","","a_general_approach_to_model_high_performance_pv_modules_for_accurate_energy_yield_simulations.md","","skipped","DOI unresolved or title mismatch","10.4229/EUPVSEC2025/3AV.3.32"
"2026-08-13T14:25:57.2679595+01:00","Benchmarking equivalent circuit models for the IV characteristic of bifacial photovoltaic modules.pdf","2025_Bartholomaus_Spataru_EPJPV_Benchmarking-equivalent.pdf","Benchmarking equivalent circuit models for the IV characteristic of bifacial photovoltaic modules.md","2025_Bartholomaus_Spataru_EPJPV_Benchmarking-equivalent.md","renamed","","10.1051/epjpv/2024046"
"2026-08-13T14:25:57.2679595+01:00","Bifacial perovskite_silicon tandem solar cells.pdf","2022_DeBastiani_DeWolf_J_Bifacial-perovskite.pdf","Bifacial perovskite_silicon tandem solar cells.md","2022_DeBastiani_DeWolf_J_Bifacial-perovskite.md","renamed","","10.1016/j.joule.2022.05.014"
"2026-08-13T14:25:57.2679595+01:00","Combining physical- and scenario-based modeling to identify tolerable degradation rates of.pdf","2026_Blom_Vogt_SOLMAT_Combining-physical.pdf","Combining physical- and scenario-based modeling to identify tolerable degradation rates of.md","2026_Blom_Vogt_SOLMAT_Combining-physical.md","renamed","","10.1016/j.solmat.2026.114169"
"2026-08-13T14:25:57.2679595+01:00","Combining_Drift-Diffusion_and_Equivalent-Circuit_Models_for_Efficient_3D_Tandem_Solar_Cell_Simulations.pdf","2022_Fell_Glunz_JPV_Combining-Drift-Diffusion.pdf","Combining_Drift-Diffusion_and_Equivalent-Circuit_Models_for_Efficient_3D_Tandem_Solar_Cell_Simulations.md","2022_Fell_Glunz_JPV_Combining-Drift-Diffusion.md","renamed","","10.1109/JPHOTOV.2022.3209608"
"2026-08-13T14:25:57.2679595+01:00","Comparison of PV Cell Temperature Estimation by Different Thermal Power Exchange Calculation Methods.pdf","2024_MBardhi_GMTina_RAP_Comparison-PV-Cell.pdf","Comparison of PV Cell Temperature Estimation by Different Thermal Power Exchange Calculation Methods.md","2024_MBardhi_GMTina_RAP_Comparison-PV-Cell.md","renamed","","10.24084/repqj10.417"
"2026-08-13T14:25:57.2679595+01:00","Comparison on Module Performance and Degradation Robustness of Two‐ Three‐ and.pdf","2026_Blom_Santbergen_PIP_Comparison-Module.pdf","Comparison on Module Performance and Degradation Robustness of Two‐ Three‐ and.md","2026_Blom_Santbergen_PIP_Comparison-Module.md","renamed","","10.1002/pip.70066"
"2026-08-13T14:25:57.2679595+01:00","Comprehensive_Approach_to_Modeling_and_Simulation_of_Photovoltaic_Arrays.pdf","2009_Villalva_Filho_TPEL_Comprehensive-Approach.pdf","Comprehensive_Approach_to_Modeling_and_Simulation_of_Photovoltaic_Arrays.md","2009_Villalva_Filho_TPEL_Comprehensive-Approach.md","renamed","","10.1109/TPEL.2009.2013862"
"2026-08-13T14:25:57.2679595+01:00","Determination of photovoltaic modules parameters at different operating conditions using a novel bird mating optimizer approach.pdf","2015_Askarzadeh_dosSantosCoelho_ECM_Determination-photovoltaic.pdf","Determination of photovoltaic modules parameters at different operating conditions using a novel bird mating optimizer approach.md","2015_Askarzadeh_dosSantosCoelho_ECM_Determination-photovoltaic.md","renamed","","10.1016/j.enconman.2014.10.025"
"2026-08-13T14:25:57.2679595+01:00","Direct and indirect uncertainties in the prediction of tilted irradiance.pdf","2009_Gueymard_Gueymard_SOLENER_Direct-indirect-prediction.pdf","Direct and indirect uncertainties in the prediction of tilted irradiance.md","2009_Gueymard_Gueymard_SOLENER_Direct-indirect-prediction.md","renamed","","10.1016/j.solener.2008.11.004"
"2026-08-13T14:25:57.2679595+01:00","Dynamic thermal model of solar PV systems under varying climatic conditions.pdf","2013_TorresLobera_Valkealahti_SOLENER_Dynamic-thermal-model.pdf","Dynamic thermal model of solar PV systems under varying climatic conditions.md","2013_TorresLobera_Valkealahti_SOLENER_Dynamic-thermal-model.md","renamed","","10.1016/j.solener.2013.03.028"
"2026-08-13T14:25:57.2679595+01:00","Elucidating the efficiency limit of silicon-based monolithic tandem cells through the combination of Auger and Shockley–Queisser limits.pdf","2025_Fell_Glunz_ES_Elucidating-efficiency.pdf","Elucidating the efficiency limit of silicon-based monolithic tandem cells through the combination of Auger and Shockley–Queisser limits.md","2025_Fell_Glunz_ES_Elucidating-efficiency.md","renamed","","10.1039/d5el00085h"
"2026-08-13T14:25:57.2679595+01:00","Energy Yield Modeling of Perovskite Silicon Tandem Photovoltaics Degradation and Total.pdf","2024_Orooji_Paetzold_ET_Energy-Yield-Modeling.pdf","Energy Yield Modeling of Perovskite Silicon Tandem Photovoltaics Degradation and Total.md","2024_Orooji_Paetzold_ET_Energy-Yield-Modeling.md","renamed","","10.1002/ente.202400998"
"2026-08-13T14:25:57.2679595+01:00","Energy yield modelling of perovskite silicon two-terminal tandem PV modules with flat and textured interfaces.pdf","2018_Lehr_Paetzold_SEAF_Energy-yield-modelling.pdf","Energy yield modelling of perovskite silicon two-terminal tandem PV modules with flat and textured interfaces.md","2018_Lehr_Paetzold_SEAF_Energy-yield-modelling.md","renamed","","10.1039/c8se00465j"
"2026-08-13T14:25:57.2679595+01:00","Energy yield modelling of textured perovskite-silicon tandem photovoltaics with thick perovskite top cells.pdf","2022_Gota_Paetzold_OPTEXP_Energy-yield-modelling.pdf","Energy yield modelling of textured perovskite-silicon tandem photovoltaics with thick perovskite top cells.md","2022_Gota_Paetzold_OPTEXP_Energy-yield-modelling.md","renamed","","10.1364/OE.447069"
"2026-08-13T14:25:57.2679595+01:00","Energy yield of all thin‐film perovskite CIGS tandem solar modules.pdf","2019_Langenhorst_Paetzold_PIP_Energy-yield-all.pdf","Energy yield of all thin‐film perovskite CIGS tandem solar modules.md","2019_Langenhorst_Paetzold_PIP_Energy-yield-all.md","renamed","","10.1002/pip.3091"
"2026-08-13T14:25:57.2679595+01:00","Energy yield of bifacial textured perovskite-silicon tandem photovoltaic modules.pdf","2020_Lehr_Paetzold_SOLMAT_Energy-yield-bifacial.pdf","Energy yield of bifacial textured perovskite-silicon tandem photovoltaic modules.md","2020_Lehr_Paetzold_SOLMAT_Energy-yield-bifacial.md","renamed","","10.1016/j.solmat.2019.110367"
"2026-08-13T14:25:57.2679595+01:00","Energy Yield Prediction of Bifacial Perovskite Silicon Tandem Photovoltaic Modules.pdf","2023_Hao_Li_SOLARRRL_Energy-Yield-Prediction.pdf","Energy Yield Prediction of Bifacial Perovskite Silicon Tandem Photovoltaic Modules.md","2023_Hao_Li_SOLARRRL_Energy-Yield-Prediction.md","renamed","","10.1002/solr.202300218"
"2026-08-13T14:25:57.2679595+01:00","Enhanced Performance of Two- and Three-Terminal Perovksite-Silicon Tandem Solar Panels Through Optimized Orientation and Tracking.pdf","2026_Tufail_Butt_JSEE_Enhanced-Performance.pdf","Enhanced Performance of Two- and Three-Terminal Perovksite-Silicon Tandem Solar Panels Through Optimized Orientation and Tracking.md","2026_Tufail_Butt_JSEE_Enhanced-Performance.md","renamed","","10.1115/1.4071046"
"2026-08-13T14:25:57.2679595+01:00","Enhancing perovskite-silicon tandem solar cells through numerical optical and electric optimizations for light management.pdf","2024_Yang_Bao_OPTEXP_Enhancing-perovskite.pdf","Enhancing perovskite-silicon tandem solar cells through numerical optical and electric optimizations for light management.md","2024_Yang_Bao_OPTEXP_Enhancing-perovskite.md","renamed","","10.1364/OE.513887"
"2026-08-13T14:25:57.2679595+01:00","Error in the yield forecast of c-Si systems due to spectral effects.pdf","2024_McIntosh_Sudbury_2I5PSCP_Error-Yield-Forecast.pdf","Error in the yield forecast of c-Si systems due to spectral effects.md","2024_McIntosh_Sudbury_2I5PSCP_Error-Yield-Forecast.md","renamed","","10.1109/PVSC57443.2024.10748686"
"2026-08-13T14:25:57.2679595+01:00","Estimation of direct normal irradiance from measured global and corrected diffuse horizontal irradiance.pdf","2014_Kotti_Kazantzidis_E_Estimation-direct.pdf","Estimation of direct normal irradiance from measured global and corrected diffuse horizontal irradiance.md","2014_Kotti_Kazantzidis_E_Estimation-direct.md","renamed","","10.1016/j.energy.2014.04.012"
"2026-08-13T14:25:57.2679595+01:00","Experimental and numerical modeling of photovoltaic modules temperature under varying ambient conditions.pdf","","Experimental and numerical modeling of photovoltaic modules temperature under varying ambient conditions.md","","skipped","Duplicate target metadata","10.1016/j.enconman.2024.118563"
"2026-08-13T14:25:57.2679595+01:00","Experimental and numerical modeling of photovoltaic modules.pdf","","Experimental and numerical modeling of photovoltaic modules.md","","skipped","Duplicate target metadata","10.1016/j.enconman.2024.118563"
"2026-08-13T14:25:57.2679595+01:00","Experimental operating cell temperature assessment of BIPV with different installation configurations on roofs under Mediterranean climate.pdf","2014_DOrazio_DiGiuseppe_RE_Experimental-operating.pdf","Experimental operating cell temperature assessment of BIPV with different installation configurations on roofs under Mediterranean climate.md","2014_DOrazio_DiGiuseppe_RE_Experimental-operating.md","renamed","","10.1016/j.renene.2014.02.009"
"2026-08-13T14:25:57.2679595+01:00","Experimentally validated thermal modeling for temperature prediction of photovoltaic modules under variable environmental conditions.pdf","2024_Keddouda_Ihaddadene_RE_Experimentally-validated.pdf","Experimentally validated thermal modeling for temperature prediction of photovoltaic modules under variable environmental conditions.md","2024_Keddouda_Ihaddadene_RE_Experimentally-validated.md","renamed","","10.1016/j.renene.2024.120922"
"2026-08-13T14:25:57.2679595+01:00","From lab to reality how non-AM15 conditions shape the future of.pdf","2025_Zhang_Groves_ES_lab-reality-how-non.pdf","From lab to reality how non-AM15 conditions shape the future of.md","2025_Zhang_Groves_ES_lab-reality-how-non.md","renamed","","10.1039/d5el00096c"
"2026-08-13T14:25:57.2679595+01:00","From Sunrise to Sunset Unraveling Metastability inPerovskite Solar Cells by Coupled Outdoor Testing andEnergy Yield Modelling.pdf","2024_Remec_Topic_AEM_Sunrise-Sunset-Unraveling.pdf","From Sunrise to Sunset Unraveling Metastability inPerovskite Solar Cells by Coupled Outdoor Testing andEnergy Yield Modelling.md","2024_Remec_Topic_AEM_Sunrise-Sunset-Unraveling.md","renamed","","10.1002/aenm.202304452"
"2026-08-13T14:25:57.2679595+01:00","General temperature dependence of solar cell performance and implications for.pdf","2003_Green_Green_PIP_General-temperature.pdf","General temperature dependence of solar cell performance and implications for.md","2003_Green_Green_PIP_General-temperature.md","renamed","","10.1002/pip.496"
"2026-08-13T14:25:57.2679595+01:00","GenPro4_Optical_Model_for_Solar_Cell_Simulation_and_Its_Application_to_Multijunction_Solar_Cells.pdf","2017_Santbergen_Zeman_JPV_GenPro4-Optical-Model.pdf","GenPro4_Optical_Model_for_Solar_Cell_Simulation_and_Its_Application_to_Multijunction_Solar_Cells.md","2017_Santbergen_Zeman_JPV_GenPro4-Optical-Model.md","renamed","","10.1109/JPHOTOV.2017.2669640"
"2026-08-13T14:25:57.2679595+01:00","Global prediction of the energy yields for hybrid perovskite Si tandem and Si hetrojunction single solar modules.pdf","2022_Kato_Fujiwara_PIP_Global-prediction.pdf","Global prediction of the energy yields for hybrid perovskite Si tandem and Si hetrojunction single solar modules.md","2022_Kato_Fujiwara_PIP_Global-prediction.md","renamed","","10.1002/pip.3569"
"2026-08-13T14:25:57.2679595+01:00","Historical and future learning for the new era of multi-terawatt photovoltaics.pdf","2025_Alberi_Bett_NE_Historical-future.pdf","Historical and future learning for the new era of multi-terawatt photovoltaics.md","2025_Alberi_Bett_NE_Historical-future.md","renamed","","10.1038/s41560-025-01929-z"
"2026-08-13T14:25:57.2679595+01:00","Identification of unknown parameters of solar cell models A comprehensive overview of available approaches.pdf","2018_Abbassi_Chebbi_RSER_Identification-unknown.pdf","Identification of unknown parameters of solar cell models A comprehensive overview of available approaches.md","2018_Abbassi_Chebbi_RSER_Identification-unknown.md","renamed","","10.1016/j.rser.2018.03.011"
"2026-08-13T14:25:57.2679595+01:00","Impact of Luminescent Coupling on Perovskite‐Silicon Tandem External Quantum Efficiency.pdf","2025_Zeder_Aeberhard_SOLARRRL_Impact-Luminescent.pdf","Impact of Luminescent Coupling on Perovskite‐Silicon Tandem External Quantum Efficiency.md","2025_Zeder_Aeberhard_SOLARRRL_Impact-Luminescent.md","renamed","","10.1002/solr.202500823"
"2026-08-13T14:25:57.2679595+01:00","Improvement and validation of a model for photovoltaic array performance.pdf","2006_DeSoto_Beckman_SOLENER_Improvement-validation.pdf","Improvement and validation of a model for photovoltaic array performance.md","2006_DeSoto_Beckman_SOLENER_Improvement-validation.md","renamed","","10.1016/j.solener.2005.06.010"
"2026-08-13T14:25:57.2679595+01:00","Improving the Comprehensive Modeling Framework for Energy Yield Simulations of.pdf","2026_Blom_Santbergen_ATS_Improving-Comprehensive.pdf","Improving the Comprehensive Modeling Framework for Energy Yield Simulations of.md","2026_Blom_Santbergen_ATS_Improving-Comprehensive.md","renamed","","10.1002/adts.202501793"
"2026-08-13T14:25:57.2679595+01:00","Indium-free perovskite silicon tandem solar cells with tin.pdf","2026_Shi_Zhang_S_Indium-free-perovskite.pdf","Indium-free perovskite silicon tandem solar cells with tin.md","2026_Shi_Zhang_S_Indium-free-perovskite.md","renamed","","10.1126/science.aef5355"
"2026-08-13T14:25:57.2679595+01:00","Integrated memristor for mitigating reverse-bias in perovksite solar cells.pdf","2026_Mohammadi_Tress_N_Integrated-memristor.pdf","Integrated memristor for mitigating reverse-bias in perovksite solar cells.md","2026_Mohammadi_Tress_N_Integrated-memristor.md","renamed","","10.1038/s41586-026-10275-3"
"2026-08-13T14:25:57.2679595+01:00","Intercomparison of Temperature Sensors for Outdoor Montoring of Photovoltaic Modules.pdf","2013_Jankovec_Topic_JSEE_Intercomparison-Temperature.pdf","Intercomparison of Temperature Sensors for Outdoor Montoring of Photovoltaic Modules.md","2013_Jankovec_Topic_JSEE_Intercomparison-Temperature.md","renamed","","10.1115/1.4023518"
"2026-08-13T14:25:57.2679595+01:00","Introducing a comprehensive physics-based modelling frameowrk for tandem and other PV systems.pdf","2022_Vogt_Isabella_SOLMAT_Introducing-comprehensive.pdf","Introducing a comprehensive physics-based modelling frameowrk for tandem and other PV systems.md","2022_Vogt_Isabella_SOLMAT_Introducing-comprehensive.md","renamed","","10.1016/j.solmat.2022.111944"
"2026-08-13T14:25:57.2679595+01:00","Matrix method for thin film optics.pdf","","Matrix method for thin film optics.md","","skipped","No DOI near paper header",""
"2026-08-13T14:25:57.2679595+01:00","Measuring and estimating the temperature of photovoltaic modules.pdf","2014_Mavromatakis_Franghiadakis_SOLENER_Measuring-estimating.pdf","Measuring and estimating the temperature of photovoltaic modules.md","2014_Mavromatakis_Franghiadakis_SOLENER_Measuring-estimating.md","renamed","","10.1016/j.solener.2014.10.009"
"2026-08-13T14:25:57.2679595+01:00","Methodology of energy yield modelling of perovskite-based multi-junction photovoltaics.pdf","2019_Schmager_Paetzold_OPTEXP_Methodology-energy.pdf","Methodology of energy yield modelling of perovskite-based multi-junction photovoltaics.md","2019_Schmager_Paetzold_OPTEXP_Methodology-energy.md","renamed","","10.1364/OE.27.00A507"
"2026-08-13T14:25:57.2679595+01:00","Method_of_Extracting_Solar_Cell_Parameters_From_Derivatives_of_Dark_IV_Curves.pdf","2017_Hallam_Wilshaw_JPV_Method-Extracting.pdf","Method_of_Extracting_Solar_Cell_Parameters_From_Derivatives_of_Dark_IV_Curves.md","2017_Hallam_Wilshaw_JPV_Method-Extracting.md","renamed","","10.1109/JPHOTOV.2017.2731778"
"2026-08-13T14:25:57.2679595+01:00","Modeling and circuit-based simulation of photovoltaic arrays.pdf","","Modeling and circuit-based simulation of photovoltaic arrays.md","","skipped","No DOI near paper header",""
"2026-08-13T14:25:57.2679595+01:00","Modeling Daylight Availability and Irradiance Components from Direct and Global Irradiance.pdf","","Modeling Daylight Availability and Irradiance Components from Direct and Global Irradiance.md","","skipped","No DOI near paper header",""
"2026-08-13T14:25:57.2679595+01:00","Modelling and predicting real-world lifetime of perovskite-silicon tandem solar cells using advanced energy yield models with degradation kinetics.pdf","2026_Orooji_Paetzold_ES_Modelling-predicting.pdf","Modelling and predicting real-world lifetime of perovskite-silicon tandem solar cells using advanced energy yield models with degradation kinetics.md","2026_Orooji_Paetzold_ES_Modelling-predicting.md","renamed","","10.1039/d6el00021e"
"2026-08-13T14:25:57.2679595+01:00","Modelling bifacial irradiance – Step-by-step comparison and validation of view factor and ray tracing models.pdf","2024_Ernst_Becker_AE_Modelling-bifacial.pdf","Modelling bifacial irradiance – Step-by-step comparison and validation of view factor and ray tracing models.md","2024_Ernst_Becker_AE_Modelling-bifacial.md","renamed","","10.1016/j.apenergy.2024.123574"
"2026-08-13T14:25:57.2679595+01:00","Modelling of thin-film silicon solar cells.pdf","2013_Zeman_Jager_SOLMAT_Modelling-thin-film.pdf","Modelling of thin-film silicon solar cells.md","2013_Zeman_Jager_SOLMAT_Modelling-thin-film.md","renamed","","10.1016/j.solmat.2013.05.037"
"2026-08-13T14:25:57.2679595+01:00","Model‐Chain Validation for Estimating the Energy Yield of Bifacial Perovskite Silicon Tandem.pdf","2022_Tillmann_Becker_SOLARRRL_Model-Chain-Validation.pdf","Model‐Chain Validation for Estimating the Energy Yield of Bifacial Perovskite Silicon Tandem.md","2022_Tillmann_Becker_SOLARRRL_Model-Chain-Validation.md","renamed","","10.1002/solr.202200079"
"2026-08-13T14:25:57.2679595+01:00","Multilayer optical calculations.pdf","","Multilayer optical calculations.md","","skipped","No DOI near paper header",""
"2026-08-13T14:25:57.2679595+01:00","Numerical optical optimization of monolithic planar perovskite-silicon tandem solar cells with regular and inverted device architectures.pdf","2017_Jager_Albrecht_OPTEXP_Numerical-optical.pdf","Numerical optical optimization of monolithic planar perovskite-silicon tandem solar cells with regular and inverted device architectures.md","2017_Jager_Albrecht_OPTEXP_Numerical-optical.md","renamed","","10.1364/OE.25.00A473"
"2026-08-13T14:25:57.2679595+01:00","On the quantification of Auger recombination in crystalline silicon.pdf","2022_Black_Macdonald_SOLMAT_quantification-Auger.pdf","On the quantification of Auger recombination in crystalline silicon.md","2022_Black_Macdonald_SOLMAT_quantification-Auger.md","renamed","","10.1016/j.solmat.2021.111428"
"2026-08-13T14:25:57.2679595+01:00","Open-source integrated optical modelling with RayFlare.pdf","","Open-source integrated optical modelling with RayFlare.md","","skipped","No DOI near paper header",""
"2026-08-13T14:25:57.2679595+01:00","Open‐source photovoltaic model pipeline validation against well‐characterized.pdf","2024_Deville_Stein_PIP_Open-source-photovoltaic.pdf","Open‐source photovoltaic model pipeline validation against well‐characterized.md","2024_Deville_Stein_PIP_Open-source-photovoltaic.md","renamed","","10.1002/pip.3763"
"2026-08-13T14:25:57.2679595+01:00","Optical model for multilayer structures with.pdf","","Optical model for multilayer structures with.md","","skipped","No DOI near paper header",""
"2026-08-13T14:25:57.2679595+01:00","Optical simulation of photovoltaic modules with.pdf","2016_Tucher_Blasi_OPTEXP_Optical-simulation.pdf","Optical simulation of photovoltaic modules with.md","2016_Tucher_Blasi_OPTEXP_Optical-simulation.md","renamed","","10.1364/OE.24.0A1083"
"2026-08-13T14:25:57.2679595+01:00","Optimal ground coverage ratios for tracked fixed-tilt and vertical.pdf","2023_Tonita_Hinzer_SOLENER_Optimal-ground-coverage.pdf","Optimal ground coverage ratios for tracked fixed-tilt and vertical.md","2023_Tonita_Hinzer_SOLENER_Optimal-ground-coverage.md","renamed","","10.1016/j.solener.2023.04.038"
"2026-08-13T14:25:57.2679595+01:00","Optimizing energy yield of monolithic perovskite-silicon tandem solar cells in real-world Conditions - The impact of luminescent coupling.pdf","2025_Nguyen_Nguyen_SOLMAT_Optimizing-energy.pdf","Optimizing energy yield of monolithic perovskite-silicon tandem solar cells in real-world Conditions - The impact of luminescent coupling.md","2025_Nguyen_Nguyen_SOLMAT_Optimizing-energy.md","renamed","","10.1016/j.solmat.2025.113730"
"2026-08-13T14:25:57.2679595+01:00","Perovskite Silicon Tandem Solar Cells  Effect of Luminescent Coupling and Bifaciality.pdf","2021_Jager_Becker_SOLARRRL_Perovskite-Silicon.pdf","Perovskite Silicon Tandem Solar Cells  Effect of Luminescent Coupling and Bifaciality.md","2021_Jager_Becker_SOLARRRL_Perovskite-Silicon.md","renamed","","10.1002/solr.202000628"
"2026-08-13T14:25:57.2679595+01:00","Photovoltaic Module Cell Temperature Estimation Under Various Environmental Conditions - Preliminary Experimental and Theoretical Study.pdf","2025_KardasAncic_Gvero_TS_Photovoltaic-module.pdf","Photovoltaic Module Cell Temperature Estimation Under Various Environmental Conditions - Preliminary Experimental and Theoretical Study.md","2025_KardasAncic_Gvero_TS_Photovoltaic-module.md","renamed","","10.2298/TSCI241224049K"
"2026-08-13T14:25:57.2679595+01:00","Photovoltaic_module_cell_temperature_measurements_using_linear_interpolation_technique.pdf","","Photovoltaic_module_cell_temperature_measurements_using_linear_interpolation_technique.md","","skipped","No DOI near paper header",""
"2026-08-13T14:25:57.2679595+01:00","Predicting and optimising the energy yield of perovskite-on-silicon tandem solar cells under real world conditions.pdf","2017_Horantner_Snaith_EAES_Predicting-optimising.pdf","Predicting and optimising the energy yield of perovskite-on-silicon tandem solar cells under real world conditions.md","2017_Horantner_Snaith_EAES_Predicting-optimising.md","renamed","","10.1039/c7ee01232b"
"2026-08-13T14:25:57.2679595+01:00","Prediction of the open‐circuit voltage of solar cells from the steady‐state.pdf","","Prediction of the open‐circuit voltage of solar cells from the steady‐state.md","","skipped","DOI unresolved or title mismatch","10.1002/(SICI"
"2026-08-13T14:25:57.2679595+01:00","prospects-for-climate-specific-design-of-perovskite-silicon-tandem-solar-cells-and-the-influence-of-degradation-rates.pdf","2025_Raitani_Nair_ACSAEM_Prospects-Climate.pdf","prospects-for-climate-specific-design-of-perovskite-silicon-tandem-solar-cells-and-the-influence-of-degradation-rates.md","2025_Raitani_Nair_ACSAEM_Prospects-Climate.md","renamed","","10.1021/acsaem.5c01634"
"2026-08-13T14:25:57.2679595+01:00","PV multiscale modelling of perovskite-silicon two-terminal devices from accurate cell performance simulation to energy yield predict.pdf","2025_Procel_Isabella_SOLMAT_PV-multiscale-modelling.pdf","PV multiscale modelling of perovskite-silicon two-terminal devices from accurate cell performance simulation to energy yield predict.md","2025_Procel_Isabella_SOLMAT_PV-multiscale-modelling.md","renamed","","10.1016/j.solmat.2025.113864"
"2026-08-13T14:25:57.2679595+01:00","Rapid and Accurate Determination of Series Resistance and Fill Factor Losses in Industrial Silicon Solar Cells.pdf","","Rapid and Accurate Determination of Series Resistance and Fill Factor Losses in Industrial Silicon Solar Cells.md","","skipped","No DOI near paper header",""
"2026-08-13T14:25:57.2679595+01:00","Ray Tracing of Light Trapping Strategies in Thin Silicon Solar Cells.pdf","2026_Fuad_Pakhuruddin_S_Ray-Tracing-Light.pdf","Ray Tracing of Light Trapping Strategies in Thin Silicon Solar Cells.md","2026_Fuad_Pakhuruddin_S_Ray-Tracing-Light.md","renamed","","10.1007/s12633-025-03618-8"
"2026-08-13T14:25:57.2679595+01:00","RayFlare - flexible optical modelling of solar cells.pdf","2021_Pearce_Pearce_JOSS_RayFlare-flexible.pdf","RayFlare - flexible optical modelling of solar cells.md","2021_Pearce_Pearce_JOSS_RayFlare-flexible.md","renamed","","10.21105/joss.03460"
"2026-08-13T14:25:57.2679595+01:00","Reassessment of the intrinsic bulk recombination in crystalline silicon.pdf","2022_Niewelt_Glunz_SOLMAT_Reassessment-intrinsic.pdf","Reassessment of the intrinsic bulk recombination in crystalline silicon.md","2022_Niewelt_Glunz_SOLMAT_Reassessment-intrinsic.md","renamed","","10.1016/j.solmat.2021.111467"
"2026-08-13T14:25:57.2679595+01:00","Review of methods to account for the solar spectral influence on photovoltaic device performance.pdf","2024_Daxini_Wu_E_Review-methods-account.pdf","Review of methods to account for the solar spectral influence on photovoltaic device performance.md","2024_Daxini_Wu_E_Review-methods-account.md","renamed","","10.1016/j.energy.2023.129461"
"2026-08-13T14:25:57.2679595+01:00","Sandia Report SAND2004-3535 Photovoltaic Array Performance Model - King model for temperature.pdf","","Sandia Report SAND2004-3535 Photovoltaic Array Performance Model - King model for temperature.md","","skipped","No DOI near paper header",""
"2026-08-13T14:25:57.2679595+01:00","Semantic Peformance Loss Analysis of Photovoltaic Modules Under Stress.pdf","","Semantic Peformance Loss Analysis of Photovoltaic Modules Under Stress.md","","skipped","No DOI near paper header",""
"2026-08-13T14:25:57.2679595+01:00","Simulation-Based Analysis of Silicon Solar Cell Performance with Laser Enhanced Contact Impact of Bulk Defect Density and Resistivity.pdf","2025_Yang_Macdonald_SOLARRRL_Simulation-Based.pdf","Simulation-Based Analysis of Silicon Solar Cell Performance with Laser Enhanced Contact Impact of Bulk Defect Density and Resistivity.md","2025_Yang_Macdonald_SOLARRRL_Simulation-Based.md","renamed","","10.1002/solr.202500465"
"2026-08-13T14:25:57.2679595+01:00","Solar radiation on inclined surfaces - Corrections and benchmarks.pdf","2016_Yang_Yang_SOLENER_Solar-radiation-inclined.pdf","Solar radiation on inclined surfaces - Corrections and benchmarks.md","2016_Yang_Yang_SOLENER_Solar-radiation-inclined.md","renamed","","10.1016/j.solener.2016.06.062"
"2026-08-13T14:25:57.2679595+01:00","Spectral_correction_in_yield_forecasts_for_two-terminal_perovskitesilicon_tandem_modules.pdf","2025_Abbott_McIntosh_2I5PSCP_Spectral-correction.pdf","Spectral_correction_in_yield_forecasts_for_two-terminal_perovskitesilicon_tandem_modules.md","2025_Abbott_McIntosh_2I5PSCP_Spectral-correction.md","renamed","","10.1109/PVSC59419.2025.11133170"
"2026-08-13T14:25:57.2679595+01:00","Supplement -- Energy yield modelling of textured perovskite-silicon tandem photovoltaics with thick perovskite top cells.pdf","","Supplement -- Energy yield modelling of textured perovskite-silicon tandem photovoltaics with thick perovskite top cells.md","","skipped","DOI unresolved or title mismatch","10.6084/m9.figshare.19328633"
"2026-08-13T14:25:57.2679595+01:00","Supplementary -- Energy yield prediction of bifacial perovskite-silicon tandem photovoltaic modules.pdf","","Supplementary -- Energy yield prediction of bifacial perovskite-silicon tandem photovoltaic modules.md","","skipped","No DOI near paper header",""
"2026-08-13T14:25:57.2679595+01:00","Supplementary -- Optimizing energy yield of monolithic perovskite-silicon tandem solar cells in real-world Conditions - The impact of luminescent coupling.pdf","","Supplementary -- Optimizing energy yield of monolithic perovskite-silicon tandem solar cells in real-world Conditions - The impact of luminescent coupling.md","","skipped","DOI unresolved or title mismatch","10.1364/oe.27.00a507"
"2026-08-13T14:25:57.2679595+01:00","Supplementary --- Prospects for Climate-Specific Design of Perovskite-Silicon Tandem Solar Cells and the Influence of Degradation Rates.pdf","","Supplementary --- Prospects for Climate-Specific Design of Perovskite-Silicon Tandem Solar Cells and the Influence of Degradation Rates.md","","skipped","No DOI near paper header",""
"2026-08-13T14:25:57.2679595+01:00","Supplementary---temperature-coefficients-of-perovskite-silicon-tandem-solar-cells---Supplementary.pdf","","Supplementary---temperature-coefficients-of-perovskite-silicon-tandem-solar-cells---Supplementary.md","","skipped","No DOI near paper header",""
"2026-08-13T14:25:57.2679595+01:00","Temperature dependence of Auger recombination in crystalline silicon from 117–463 K.pdf","2026_Black_Macdonald_SOLMAT_Temperature-dependence.pdf","Temperature dependence of Auger recombination in crystalline silicon from 117–463 K.md","2026_Black_Macdonald_SOLMAT_Temperature-dependence.md","renamed","","10.1016/j.solmat.2025.113985"
"2026-08-13T14:25:57.2679595+01:00","temperature-coefficients-of-perovskite-silicon-tandem-solar-cells.pdf","2023_Babics_DeWolf_ACSENERGY_Temperature-Coefficients.pdf","temperature-coefficients-of-perovskite-silicon-tandem-solar-cells.md","2023_Babics_DeWolf_ACSENERGY_Temperature-Coefficients.md","renamed","","10.1021/acsenergylett.3c00930"
"2026-08-13T14:25:57.2679595+01:00","The intrinsic adjusted single-diode model- Solid State Physics meets accurate yield simulation.pdf","2026_Hamer_Hoex_SOLMAT_intrinsic-adjusted.pdf","The intrinsic adjusted single-diode model- Solid State Physics meets accurate yield simulation.md","2026_Hamer_Hoex_SOLMAT_intrinsic-adjusted.md","renamed","","10.1016/j.solmat.2026.114218"
"2026-08-13T14:25:57.2679595+01:00","The SMARTS spectral irradiance model after 25 years- New developments and validation of reference spectra.pdf","2019_Gueymard_Gueymard_SOLENER_SMARTS-spectral-irradiance.pdf","The SMARTS spectral irradiance model after 25 years- New developments and validation of reference spectra.md","2019_Gueymard_Gueymard_SOLENER_SMARTS-spectral-irradiance.md","renamed","","10.1016/j.solener.2019.05.048"
"2026-08-13T14:25:57.2679595+01:00","Time‐varying ray tracing irradiance simulation approach for photovoltaic.pdf","2023_Andres_Olindo_PIP_Time-varying-ray.pdf","Time‐varying ray tracing irradiance simulation approach for photovoltaic.md","2023_Andres_Olindo_PIP_Time-varying-ray.md","renamed","","10.1002/pip.3614"
"2026-08-13T14:25:57.2679595+01:00","Transient Weighted Moving-Average Model of Photovoltaic Module Back-Surface Temperature.pdf","2020_Prilliman_Tamizhmani_JPV_Transient-Weighted.pdf","Transient Weighted Moving-Average Model of Photovoltaic Module Back-Surface Temperature.md","2020_Prilliman_Tamizhmani_JPV_Transient-Weighted.md","renamed","","10.1109/JPHOTOV.2020.2992351"
"2026-08-13T14:25:57.2679595+01:00","Unveiling Auger recombination current component in rectification curves of silicon heterojunction solar cells.pdf","2026_Huang_Zhou_APL_Unveiling-Auger-current.pdf","Unveiling Auger recombination current component in rectification curves of silicon heterojunction solar cells.md","2026_Huang_Zhou_APL_Unveiling-Auger-current.md","renamed","","10.1063/5.0331255"
"2026-08-13T14:25:57.2679595+01:00","Unveiling the mechanism of attaining high fill factor in silicon solar cells.pdf","2024_Lin_Gao_PIP_Unveiling-mechanism.pdf","Unveiling the mechanism of attaining high fill factor in silicon solar cells.md","2024_Lin_Gao_PIP_Unveiling-mechanism.md","renamed","","10.1002/pip.3775"
"2026-08-13T14:39:51.8298338+01:00","a_general_approach_to_model_high_performance_pv_modules_for_accurate_energy_yield_simulations",".pdf","2025_Antognini_Wittmer_EUPVSEC_High-performance-PV-modules",".pdf","a_general_approach_to_model_high_performance_pv_modules_for_accurate_energy_yield_simulations",".md","2025_Antognini_Wittmer_EUPVSEC_High-performance-PV-modules",".md","renamed","Manually resolved from user-supplied authoritative source","https://www.tib.eu/en/search/id/datacite:762cc571c874b7e63a1d4f2803d4b5fbcb50a607/A-General-Approach-to-Model-High-Performance-PV"
"2026-08-13T14:39:51.8298338+01:00","All-weather model for sky luminance distribution—Preliminary configuration and validation",".pdf","1993_Perez_Michalsky_SOLENER_All-weather-sky-model",".pdf","All-weather model for sky luminance distribution—Preliminary configuration and validation",".md","1993_Perez_Michalsky_SOLENER_All-weather-sky-model",".md","renamed","Manually resolved from user-supplied authoritative source","https://doi.org/10.1016/0038-092X(93)90017-I"
"2026-08-13T14:39:51.8298338+01:00","Experimental and numerical modeling of photovoltaic modules temperature under varying ambient conditions",".pdf","2024_Keddouda_Ihaddadene_ECM_Experimental-numerical-modeling",".pdf","Experimental and numerical modeling of photovoltaic modules temperature under varying ambient conditions",".md","2024_Keddouda_Ihaddadene_ECM_Experimental-numerical-modeling",".md","renamed","Manually resolved from user-supplied authoritative source","https://www.sciencedirect.com/science/article/pii/S0196890424005041"
"2026-08-13T14:39:51.8298338+01:00","Rapid and Accurate Determination of Series Resistance and Fill Factor Losses in Industrial Silicon Solar Cells",".pdf","2001_Bowden_Rohatgi_EUPVSEC_Series-resistance-losses",".pdf","Rapid and Accurate Determination of Series Resistance and Fill Factor Losses in Industrial Silicon Solar Cells",".md","2001_Bowden_Rohatgi_EUPVSEC_Series-resistance-losses",".md","renamed","Manually resolved from user-supplied authoritative source","https://repository.gatech.edu/entities/publication/c5622810-aa0e-4960-9f89-12cedeaef306/full"
"2026-08-13T14:39:51.8298338+01:00","Matrix method for thin film optics",".pdf","2018_Acquaroli_Acquaroli_ARXIV_Matrix-thin-film-optics",".pdf","Matrix method for thin film optics",".md","2018_Acquaroli_Acquaroli_ARXIV_Matrix-thin-film-optics",".md","renamed","Manually resolved from user-supplied authoritative source","https://arxiv.org/abs/1809.07708"
"2026-08-13T14:39:51.8298338+01:00","Modeling and circuit-based simulation of photovoltaic arrays",".pdf","2009_Villalva_RuppertFilho_COBEP_Circuit-based-PV-arrays",".pdf","Modeling and circuit-based simulation of photovoltaic arrays",".md","2009_Villalva_RuppertFilho_COBEP_Circuit-based-PV-arrays",".md","renamed","Manually resolved from user-supplied authoritative source","https://ieeexplore.ieee.org/document/5347680"
"2026-08-13T14:39:51.8298338+01:00","Modeling Daylight Availability and Irradiance Components from Direct and Global Irradiance",".pdf","1990_Perez_Stewart_SOLENER_Daylight-irradiance-models",".pdf","Modeling Daylight Availability and Irradiance Components from Direct and Global Irradiance",".md","1990_Perez_Stewart_SOLENER_Daylight-irradiance-models",".md","renamed","Manually resolved from user-supplied authoritative source","https://www.sciencedirect.com/science/article/pii/0038092X9090055H"
"2026-08-13T14:39:51.8298338+01:00","Multilayer optical calculations",".pdf","2016_Byrnes_Byrnes_ARXIV_Multilayer-optical-calculations",".pdf","Multilayer optical calculations",".md","2016_Byrnes_Byrnes_ARXIV_Multilayer-optical-calculations",".md","renamed","Manually resolved from user-supplied authoritative source","https://arxiv.org/abs/1603.02720"
"2026-08-13T14:39:51.8298338+01:00","Open-source integrated optical modelling with RayFlare",".pdf","2019_Pearce_EkinsDaukes_PVSC_RayFlare-optical-modelling",".pdf","Open-source integrated optical modelling with RayFlare",".md","2019_Pearce_EkinsDaukes_PVSC_RayFlare-optical-modelling",".md","renamed","Manually resolved from user-supplied authoritative source","https://ieeexplore.ieee.org/document/8980868"
"2026-08-13T14:39:51.8298338+01:00","Optical model for multilayer structures with",".pdf","2013_Santbergen_Zeman_OPTEXP_Coherent-multilayer-model",".pdf","Optical model for multilayer structures with",".md","2013_Santbergen_Zeman_OPTEXP_Coherent-multilayer-model",".md","renamed","Manually resolved from user-supplied authoritative source","https://opg.optica.org/oe/fulltext.cfm?uri=oe-21-S2-A262"
"2026-08-13T14:39:51.8298338+01:00","Photovoltaic_module_cell_temperature_measurements_using_linear_interpolation_technique",".pdf","2017_Mangeni_Pang_I2MTC_Module-temperature-measurements",".pdf","Photovoltaic_module_cell_temperature_measurements_using_linear_interpolation_technique",".md","2017_Mangeni_Pang_I2MTC_Module-temperature-measurements",".md","renamed","Manually resolved from user-supplied authoritative source","https://ieeexplore.ieee.org/document/7969759"
"2026-08-13T14:39:51.8298338+01:00","Prediction of the open‐circuit voltage of solar cells from the steady‐state",".pdf","1997_Cuevas_Sinton_PIP_Open-circuit-voltage",".pdf","Prediction of the open‐circuit voltage of solar cells from the steady‐state",".md","1997_Cuevas_Sinton_PIP_Open-circuit-voltage",".md","renamed","Manually resolved from user-supplied authoritative source","https://doi.org/10.1002/(SICI)1099-159X(199703/04)5:2%3C79::AID-PIP155%3E3.0.CO;2-J"
"2026-08-13T14:42:17.2841607+01:00","Supplement -- Energy yield modelling of textured perovskite-silicon tandem photovoltaics with thick perovskite top cells",".pdf","2022_Gota_Paetzold_OPTEXP_Energy-yield-modelling_supplementary",".pdf","Supplement -- Energy yield modelling of textured perovskite-silicon tandem photovoltaics with thick perovskite top cells",".md","2022_Gota_Paetzold_OPTEXP_Energy-yield-modelling_supplementary",".md","renamed","Matched to corresponding main paper; appended _supplementary",""
"2026-08-13T14:42:17.2841607+01:00","Supplementary -- Energy yield prediction of bifacial perovskite-silicon tandem photovoltaic modules",".pdf","2023_Hao_Li_SOLARRRL_Energy-Yield-Prediction_supplementary",".pdf","Supplementary -- Energy yield prediction of bifacial perovskite-silicon tandem photovoltaic modules",".md","2023_Hao_Li_SOLARRRL_Energy-Yield-Prediction_supplementary",".md","renamed","Matched to corresponding main paper; appended _supplementary",""
"2026-08-13T14:42:17.2841607+01:00","Supplementary -- Optimizing energy yield of monolithic perovskite-silicon tandem solar cells in real-world Conditions - The impact of luminescent coupling",".pdf","2025_Nguyen_Nguyen_SOLMAT_Optimizing-energy_supplementary",".pdf","Supplementary -- Optimizing energy yield of monolithic perovskite-silicon tandem solar cells in real-world Conditions - The impact of luminescent coupling",".md","2025_Nguyen_Nguyen_SOLMAT_Optimizing-energy_supplementary",".md","renamed","Matched to corresponding main paper; appended _supplementary",""
"2026-08-13T14:42:17.2841607+01:00","Supplementary --- Prospects for Climate-Specific Design of Perovskite-Silicon Tandem Solar Cells and the Influence of Degradation Rates",".pdf","2025_Raitani_Nair_ACSAEM_Prospects-Climate_supplementary",".pdf","Supplementary --- Prospects for Climate-Specific Design of Perovskite-Silicon Tandem Solar Cells and the Influence of Degradation Rates",".md","2025_Raitani_Nair_ACSAEM_Prospects-Climate_supplementary",".md","renamed","Matched to corresponding main paper; appended _supplementary",""
"2026-08-13T14:42:17.2841607+01:00","Supplementary---temperature-coefficients-of-perovskite-silicon-tandem-solar-cells---Supplementary",".pdf","2023_Babics_DeWolf_ACSENERGY_Temperature-Coefficients_supplementary",".pdf","Supplementary---temperature-coefficients-of-perovskite-silicon-tandem-solar-cells---Supplementary",".md","2023_Babics_DeWolf_ACSENERGY_Temperature-Coefficients_supplementary",".md","renamed","Matched to corresponding main paper; appended _supplementary",""
"2026-08-13T14:46:45.6021779+01:00","Semantic Peformance Loss Analysis of Photovoltaic Modules Under Stress",".pdf","2025_Venkat_Davis_UNPUBLISHED_Semantic-performance-loss",".pdf","Semantic Peformance Loss Analysis of Photovoltaic Modules Under Stress",".md","2025_Venkat_Davis_UNPUBLISHED_Semantic-performance-loss",".md","renamed","Manual metadata; no authoritative publication source",""
"2026-08-13T14:46:45.6021779+01:00","Sandia Report SAND2004-3535 Photovoltaic Array Performance Model - King model for temperature",".pdf","2004_Sandia_Sandia_SANDIA_Photovoltaic-array-model",".pdf","Sandia Report SAND2004-3535 Photovoltaic Array Performance Model - King model for temperature",".md","2004_Sandia_Sandia_SANDIA_Photovoltaic-array-model",".md","renamed","Manual metadata from PDF first page; Sandia designated as author",""
